High Elf,Argonian,Wood Elf,Breton,Dark Elf,Imperial,Khajiit,Nord,Orc,Redguard
Hyaril,Dan-Zaw,Pegaro,Debent,Maggot Varam,Malpenar Lusius,J'Dato,Bjadmu,Bugdulg Logob,Dandana Mirel
Eraamion,J-Ram,Endras,Inwold,Kammus Sarayn,Arenara Acicius,Baadar,Rigma,Shakh Shadbu,Gancol
Tarenen,Dan-Za,Montha,Mebent,Enarvyne,Oritonde Cedus,Raksada,Radding,Uramul Usharz,Dandana
Anaril,Teemeeme,Aranni,Ernand,Alammu Irethi,Clagius Entius,Dro'Ba,Balfhedi,Ushag Yagadb,Silann
Lorundil,Gah-Ju,Hingot,Bovkin,Neldam Dren,Namana Egnatius,Jo'Rakha,Brandr,Bagamu Lumbak,Ildeanna
Tunenre,Bun-Za,Minego,Maniel,Irarvy Vandal,Arenar Guarnia,Raksadarg,Ergnin,Ugdul Mogdum,Domasnn
Molleenen,Han-Zaw,Allimi,Laniel,Tadaves Seran,Scelles Abitius,Dro'Baad,Odming,Bogamu Bogadbu,Jartodea
Carene,Wud-Ne,Nedheleg,Frande,Llaalam Worker,Sabinu Conciatius,S'Baad,Abbard,Shakh Agadbu,Nistac
Sinyail,Ineeme,Nedhel,Simine,Dalamus Vandal,Attelian Amatius,Ri'Dat,Roggar,Uramulg Bogadb,Sadean
Hecerilar,Effe-Tee,Arannir,Robent Setteee,Gidave Sendal,Frina Livia,Ma'Dat,Mendre,Ulamulg Aglakh,Clusanna
Ingana,Chalur,Bragor,Andre,Anasour Othralen,Albeci Muco,Jo'Rak,Agning,Bogamu Mogduk,Nachae
Inganare,Okan-R,Amringot,Listie,Tedril Girothran,Arenara Herecu,S'Baadar,Hrard,Bogamu Magadb,Raccan
Sanyail,Keer-M,Gerrad,Socuciel,Ararvy Maryon,Caccia Popillius,Baadargo,Fjolfrin,Lugdul Shak,Dinah
Nelanare,Meer-Mah,Thaernd,Dandre,Llaala Faveran,Audeius Abitius,Urjorahn,Kjelhe,Khadba Rush,Pemeniso
Meanaami,Han-Za,Gaeleg,Varnan,Gadaves,Trebon Magia,Wadargo,Haaki,Mashagam Bogadb,Waylas
Tarene,Itan-R,Glatho,Arnandre,Uradasou Berendal,Albeci Closcius,Ma'Dato,Norrid,Khadba Bamog,Jartod
Seanaami,Milos,Thaer,Ylbent,Maggot Heloth,Synniu Flavonius,Ri'Dato,Sifkning,Bagamu Olorku,Vilann
Molleen,Itan-Ru,Eradra,Varnand,Neldammu Othren,Oritonde Clanler,Wadarg,Alfhedil,Ushag Urgadbu,Staron
Tunenrene,Vistha,Fillim,Fenandre,Midaves Deras,Aebondei Amnis,Shavir,Saeta,Bagamu Gurakh,Pemeni
Athell,Skeeme,Dangoth,Robentie,Vedaves Ienevala,Raxleon Critiu,Urjora,Hodlin,,Torlin
